epoch,acc,loss,val_acc,val_loss
0,0.42995169312481718,0.44078835398678617,0.48795181153768519,0.69853466461939984
